{
  "config": {
    "random_seed": 42,
    "spaceport_purchased_year": 3,
    "spaceport_operational_year": 4,
    "shared_investments": {
      "marketing_spend": 30000000,
      "safety_invest": 50000000,
      "green_invest": 10000000,
      "rd_invest": 20000000,
      "hr_invest": 10000000,
      "regulatory_invest": 5000000
    },
    "run_A": {
      "scenario": "A",
      "t1_ticket": 450000,
      "turns_ticket": 5000000
    },
    "run_B": {
      "scenario": "B",
      "t1_ticket": 330000,
      "turns_ticket": 7500000,
      "spaceport": false
    },
    "run_C": {
      "scenario": "B",
      "t1_ticket": 330000,
      "turns_ticket": 7500000,
      "spaceport": true
    }
  },
  "run_A_status_quo": {
    "turns": [
      {
        "year": 1,
        "budget": 1340450000.0,
        "reputation": 55.0,
        "pax_sold": 1,
        "revenue": 450000.0,
        "profit": -164550000.0,
        "mission_success": true,
        "spaceport_active": false,
        "npv": -156714285.7142857,
        "roi": -137.125,
        "irr": 1000.0,
        "market_penetration": 23.941379672918252,
        "cac": 30000000.0,
        "news_headlines": []
      },
      {
        "year": 2,
        "budget": 1233796153.8461537,
        "reputation": 60.0,
        "pax_sold": 0,
        "revenue": 0.0,
        "profit": -156653846.15384614,
        "mission_success": true,
        "spaceport_active": false,
        "npv": -298803942.08965635,
        "roi": -133.83493589743588,
        "irr": 1000.0,
        "market_penetration": 7.170204432808131,
        "cac": 60000000.0,
        "news_headlines": []
      },
      {
        "year": 3,
        "budget": 1129125379.196711,
        "reputation": 65.0,
        "pax_sold": 0,
        "revenue": 0.0,
        "profit": -154670774.64944258,
        "mission_success": true,
        "spaceport_active": false,
        "npv": -432414372.6258339,
        "roi": -132.1873946675802,
        "irr": 1000.0,
        "market_penetration": 4.064297760375548,
        "cac": 90000000.0,
        "news_headlines": []
      },
      {
        "year": 4,
        "budget": 1220600229.0065978,
        "reputation": 70.0,
        "pax_sold": 1,
        "revenue": 5000000.0,
        "profit": -158525150.19011337,
        "mission_success": true,
        "spaceport_active": false,
        "npv": -562833406.003995,
        "roi": -132.16661895695879,
        "irr": 1000.0,
        "market_penetration": 5.532419748628108,
        "cac": 60000000.0,
        "news_headlines": []
      },
      {
        "year": 5,
        "budget": 1122907002.2195137,
        "reputation": 75.0,
        "pax_sold": 1,
        "revenue": 5000000.0,
        "profit": -147693226.78708416,
        "mission_success": true,
        "spaceport_active": false,
        "npv": -678554913.8018357,
        "roi": -130.34883296341437,
        "irr": 1000.0,
        "market_penetration": 6.174776406338838,
        "cac": 50000000.0,
        "news_headlines": []
      },
      {
        "year": 6,
        "budget": 1030287502.6152368,
        "reputation": 80.0,
        "pax_sold": 1,
        "revenue": 5000000.0,
        "profit": -142619499.60427696,
        "mission_success": true,
        "spaceport_active": false,
        "npv": -784979780.2671585,
        "roi": -128.43229130343934,
        "irr": 1000.0,
        "market_penetration": 6.461292219337804,
        "cac": 45000000.0,
        "news_headlines": []
      },
      {
        "year": 7,
        "budget": 938123539.4072063,
        "reputation": 85.0,
        "pax_sold": 1,
        "revenue": 5000000.0,
        "profit": -142163963.20803052,
        "mission_success": true,
        "spaceport_active": false,
        "npv": -886013054.7364113,
        "roi": -127.00910245152306,
        "irr": 1000.0,
        "market_penetration": 6.568779176253854,
        "cac": 42000000.0,
        "news_headlines": []
      },
      {
        "year": 8,
        "budget": 731361706.7706393,
        "reputation": 65.0,
        "pax_sold": 1,
        "revenue": 0.0,
        "profit": -156761832.636567,
        "mission_success": false,
        "spaceport_active": false,
        "npv": -992115633.5285932,
        "roi": -127.46232221139175,
        "irr": 1000.0,
        "market_penetration": 5.481474873494112,
        "cac": 48000000.0,
        "news_headlines": []
      },
      {
        "year": 9,
        "budget": 624963745.5261055,
        "reputation": 70.0,
        "pax_sold": 0,
        "revenue": 0.0,
        "profit": -156397961.24453375,
        "mission_success": true,
        "spaceport_active": false,
        "npv": -1092931153.8251052,
        "roi": -127.78113467350876,
        "irr": 1000.0,
        "market_penetration": 4.86559396800404,
        "cac": 54000000.0,
        "news_headlines": []
      },
      {
        "year": 10,
        "budget": 528900934.16247755,
        "reputation": 75.0,
        "pax_sold": 0,
        "revenue": 0.0,
        "profit": -146062811.36362797,
        "mission_success": true,
        "spaceport_active": false,
        "npv": -1182601049.57066,
        "roi": -127.17492215312687,
        "irr": 1000.0,
        "market_penetration": 4.340406450311226,
        "cac": 60000000.0,
        "news_headlines": []
      }
    ],
    "final_score": {
      "years_played": 10,
      "final_budget": 528900934.16247755,
      "starting_budget": 1500000000,
      "budget_change": -971099065.8375225,
      "budget_change_pct": -64.7399377225015,
      "final_reputation": 75.0,
      "total_profit": -1526099065.8375225,
      "avg_profit_per_year": -152609906.58375224,
      "total_co2": 766.0,
      "co2_per_year": 76.6,
      "tech_level": 20,
      "green_tech_level": 10,
      "tech_unlocks": {
        "reusable_stage1": true,
        "green_hydrogen": true,
        "autonomous_systems": false,
        "rapid_reusability": false
      },
      "economic_score": 22.5,
      "economic_grade": "F",
      "green_score": 91.1,
      "green_grade": "A+",
      "final_score": 49.9,
      "final_grade": "D"
    },
    "financial_metrics": {
      "npv": -1182601049.57066,
      "roi": -127.17492215312687,
      "irr": 1000.0,
      "total_profit": -1526099065.8375225,
      "total_investment": 1200000000.0,
      "total_revenue": 20450000.0,
      "total_costs": 1546549065.8375225,
      "profit_margin": -7462.587119009891,
      "turns": 10,
      "market_penetration_pct": 4.340406450311226,
      "customer_acquisition_cost": 60000000.0,
      "reputational_vulnerability": 30.0,
      "total_passengers": 5,
      "market_scenario": "A"
    }
  },
  "run_B_premature_evolved": {
    "turns": [
      {
        "year": 1,
        "budget": 1340990000.0,
        "reputation": 55.0,
        "pax_sold": 3,
        "revenue": 990000.0,
        "profit": -164010000.0,
        "mission_success": true,
        "spaceport_active": false,
        "npv": -156200000.0,
        "roi": -136.67499999999998,
        "irr": 1000.0,
        "market_penetration": 58.35711295273824,
        "cac": 10000000.0,
        "news_headlines": []
      },
      {
        "year": 2,
        "budget": 1249336153.8461537,
        "reputation": 63.0,
        "pax_sold": 2,
        "revenue": 15000000.0,
        "profit": -141653846.15384614,
        "mission_success": true,
        "spaceport_active": false,
        "npv": -284684214.1984999,
        "roi": -127.35993589743589,
        "irr": 1000.0,
        "market_penetration": 33.7454072266111,
        "cac": 12000000.0,
        "news_headlines": []
      },
      {
        "year": 3,
        "budget": 1359665379.196711,
        "reputation": 71.0,
        "pax_sold": 2,
        "revenue": 15000000.0,
        "profit": -139670774.64944258,
        "mission_success": true,
        "spaceport_active": false,
        "npv": -405337080.75670534,
        "roi": -123.70406133424684,
        "irr": 1000.0,
        "market_penetration": 27.026683671329206,